Workbook
Name ExternalData_1: Sell!$A$1:$E$101
Name ExternalData_1: Developer!$A$1:$C$51

Sheet Good
A1: GoodName | B1: GoodId | C1: MainPhoto | D1: Developer | E1: DeveloperId | F1: Active | G1: Price
A2: Super Minds. Level 4. Workbook with Online Resources | B2: 1 | C2: 701132.jpg | D2: Cambridge | E2: =VLOOKUP(D2,Developer!$A$1:$C$51,3,0) -> 38 | F2: 0 | G2: 1210
A3: Super Minds. Workbook 2 with Online Resources | B3: 2 | C3: 701128.jpg | D3: Cambridge | E3: =VLOOKUP(D3,Developer!$A$1:$C$51,3,0) -> 38 | F3: 1 | G3: 1200
A4: Eyes Open. Level 3. Student's Book | B4: 3 | C4: 700890.jpg | D4: Cambridge | E4: =VLOOKUP(D4,Developer!$A$1:$C$51,3,0) -> 38 | F4: 1 | G4: 1350
A5: Advanced Grammar in Use. Book without Answers | B5: 4 | C5: 700673.jpg | D5: Cambridge | E5: =VLOOKUP(D5,Developer!$A$1:$C$51,3,0) -> 38 | F5: 1 | G5: 1850
A6: Английский на каждый день | B6: 5 | C6: 698477.jpg | D6: АСТ | E6: =VLOOKUP(D6,Developer!$A$1:$C$51,3,0) -> 17 | F6: 1 | G6: 670
A7: English for Everyone. English Vocabulary Builder | B7: 6 | C7: 715802.jpg | D7: Dorling Kindersley | E7: =VLOOKUP(D7,Developer!$A$1:$C$51,3,0) -> 5 | F7: 1 | G7: 1980
A8: Cracking GMAT Premium 2020 Edition. 6 Practice Tests | B8: 7 | C8: 724652.jpg | D8: Princeton Review | E8: =VLOOKUP(D8,Developer!$A$1:$C$51,3,0) -> 1 | F8: 1 | G8: 3140
A9: Учебник английского языка. Полный курс | B9: 8 | C9: 729944.jpg | D9: Эксмо | E9: =VLOOKUP(D9,Developer!$A$1:$C$51,3,0) -> 36 | F9: 1 | G9: 1000
A10: Английский без страха для тех, кому за... | B10: 9 | C10: 720888.jpg | D10: АСТ | E10: =VLOOKUP(D10,Developer!$A$1:$C$51,3,0) -> 17 | F10: 1 | G10: 290
A11: Grammarway 2. Teacher's Book. Elementary | B11: 10 | C11: 702075.jpg | D11: Express Publishing | E11: =VLOOKUP(D11,Developer!$A$1:$C$51,3,0) -> 8 | F11: 1 | G11: 910
A12: Tree or Three? An elementary pronunciation course | B12: 11 | C12: 701141.jpg | D12: Cambridge | E12: =VLOOKUP(D12,Developer!$A$1:$C$51,3,0) -> 38 | F12: 1 | G12: 1870
A13: Prism Reading. Intro. Student's Book | B13: 12 | C13: 699858.jpg | D13: Cambridge | E13: =VLOOKUP(D13,Developer!$A$1:$C$51,3,0) -> 38 | F13: 1 | G13: 2930
... A101: Your Space. Level 1. Student's Book | B101: 100 | C101: 701149.jpg | D101: Cambridge | E101: =VLOOKUP(D101,Developer!$A$1:$C$51,3,0) -> 38 | F101: 1 | G101: 1370

Sheet Developer
A1: DeveloperName | B1: DateBeginWork | C1: DeceloperId
A2: Princeton Review | B2: 42010 | C2: 1
A3: Кнорус | B3: 42965 | C3: 2
A4: Яуза | B4: 42299 | C4: 3
A5: Аванта+ | B5: 42788 | C5: 4
A6: Dorling Kindersley | B6: 42006 | C6: 5
A7: Delta Publishing | B7: 42872 | C7: 6
A8: Проспект | B8: 43055 | C8: 7
A9: Express Publishing | B9: 42628 | C9: 8
A10: Эксмо-Пресс | B10: 43157 | C10: 9
A11: Розовый жираф | B11: 42998 | C11: 10
A12: Стандарт-Коллекция | B12: 42315 | C12: 11
A13: Медиарама | B13: 42660 | C13: 12
... A51: Прометей | B51: 42777 | C51: 50

Sheet Sell
A1: ID | B1: Товар | C1: GoodId | D1: Count | E1: DateSell
A2: 1 | B2: English Grammar in Use. Book with Answers | C2: =VLOOKUP(B2,Good!$A$1:$B$101,2,0) -> 92 | D2: 1 | E2: 43751.772
A3: 2 | B3: Ship or Sheep? An intermediate pronunciation course | C3: =VLOOKUP(B3,Good!$A$1:$B$101,2,0) -> 74 | D3: 1 | E3: 43535.436
A4: 3 | B4: Английская грамматика. Самое важное. Учебное пособие (мини) | C4: =VLOOKUP(B4,Good!$A$1:$B$101,2,0) -> 90 | D4: 1 | E4: 43687.505
A5: 4 | B5: English Grammar in Use. Book without Answers | C5: =VLOOKUP(B5,Good!$A$1:$B$101,2,0) -> 89 | D5: 1 | E5: 43607.517
A6: 5 | B6: Grammar in Use. Intermediate. Student's Book with Answers and Interactive eBook | C6: =VLOOKUP(B6,Good!$A$1:$B$101,2,0) -> 46 | D6: 2 | E6: 43505.483
A7: 6 | B7: Английский для малышей и мам @my_english_baby. Как воспитать билингвального ребенка | C7: =VLOOKUP(B7,Good!$A$1:$B$101,2,0) -> 93 | D7: 2 | E7: 43659.606
A8: 7 | B8: Eyes Open Level 1 Student's Book | C8: =VLOOKUP(B8,Good!$A$1:$B$101,2,0) -> 20 | D8: 1 | E8: 43611.718
A9: 8 | B9: English Grammar in Use. Book with Answers | C9: =VLOOKUP(B9,Good!$A$1:$B$101,2,0) -> 92 | D9: 1 | E9: 43552.746
A10: 9 | B10: Grammar in Use. Intermediate. Student's Book without Answers | C10: =VLOOKUP(B10,Good!$A$1:$B$101,2,0) -> 37 | D10: 2 | E10: 43760.789
A11: 10 | B11: Super Minds. Level 4. Workbook with Online Resources | C11: =VLOOKUP(B11,Good!$A$1:$B$101,2,0) -> 1 | D11: 2 | E11: 43528.403
A12: 11 | B12: Английские пословицы и поговорки. Учебное пособие | C12: =VLOOKUP(B12,Good!$A$1:$B$101,2,0) -> 51 | D12: 1 | E12: 43725.819
A13: 12 | B13: Реальный English. Как подружиться с грамматикой раз и навсегда | C13: =VLOOKUP(B13,Good!$A$1:$B$101,2,0) -> 28 | D13: 2 | E13: 43571.757
... A101: 100 | B101: New Enterprise A2 - Grammar Book (with Digibooks App) | C101: =VLOOKUP(B101,Good!$A$1:$B$101,2,0) -> 76 | D101: 1 | E101: 43751.652
